INSERT INTO public.board_game (id, title, title_normalized, description, min_players, max_players, min_age, max_age, estimated_play_time, can_play_only_once, is_extension, is_cooperative, tutorial_url, year_published, created_by, version) VALUES (16, 'Mars: Teraformace', 'mars: teraformace', '', 1, 5, 12, NULL, 90, false, false, false, 'https://www.youtube.com/watch?v=n3yVpsiVwL8', 2016, 'Flyway', 0);
INSERT INTO public.board_game (id, title, title_normalized, description, min_players, max_players, min_age, max_age, estimated_play_time, can_play_only_once, is_extension, is_cooperative, tutorial_url, year_published, created_by, version) VALUES (34, 'Dobble', 'dobble', '', 2, 8, 6, NULL, 15, false, false, false, NULL, 2009, 'Flyway', 0);
INSERT INTO public.board_game (id, title, title_normalized, description, min_players, max_players, min_age, max_age, estimated_play_time, can_play_only_once, is_extension, is_cooperative, tutorial_url, year_published, created_by, version) VALUES (84, '18 in 1 magnetic game', '18 in 1 magnetic game', 'Sada rôznych hier', 2, 4, 8, NULL, 20, false, false, false, NULL, NULL, 'Flyway', 0);
INSERT INTO public.board_game (id, title, title_normalized, description, min_players, max_players, min_age, max_age, estimated_play_time, can_play_only_once, is_extension, is_cooperative, tutorial_url, year_published, created_by, version) VALUES (1, 'Stranger Things: Obrácený svět', 'stranger things: obraceny svet', '', 2, 4, 12, NULL, 60, false, false, true, 'https://www.youtube.com/watch?v=GJxO3mwow5c', 2023, 'Flyway', 0);
INSERT INTO public.board_game (id, title, title_normalized, description, min_players, max_players, min_age, max_age, estimated_play_time, can_play_only_once, is_extension, is_cooperative, tutorial_url, year_published, created_by, version) VALUES (2, 'Bandido', 'bandido', 'Zahraj kartu na zablokovanie všetkých únikov. Ak je bandido zablokovaný, tak ste spoločne vyhrali.', 1, 4, 6, 99, 15, false, false, true, 'https://www.youtube.com/watch?v=ymkGBJdfclc', 2016, 'Flyway', 0);
INSERT INTO public.board_game (id, title, title_normalized, description, min_players, max_players, min_age, max_age, estimated_play_time, can_play_only_once, is_extension, is_cooperative, tutorial_url, year_published, created_by, version) VALUES (3, '7 Divů světa: Duel', '7 divu sveta: duel', '', 2, 2, 10, NULL, 30, false, false, false, 'https://www.youtube.com/watch?v=SxQkMRUvCJ8', 2015, 'Flyway', 0);
INSERT INTO public.board_game (id, title, title_normalized, description, min_players, max_players, min_age, max_age, estimated_play_time, can_play_only_once, is_extension, is_cooperative, tutorial_url, year_published, created_by, version) VALUES (4, '7 Divů světa: Duel - Agora', '7 divu sveta: duel - agora', '', 2, 2, 10, NULL, 30, false, true, false, 'https://www.youtube.com/watch?v=6RGu0WhPhMA', 2021, 'Flyway', 0);
INSERT INTO public.board_game (id, title, title_normalized, description, min_players, max_players, min_age, max_age, estimated_play_time, can_play_only_once, is_extension, is_cooperative, tutorial_url, year_published, created_by, version) VALUES (5, '7 Divů světa: Duel - Pantheon', '7 divu sveta: duel - pantheon', '', 2, 2, 10, NULL, 30, false, true, false, 'https://www.youtube.com/watch?v=1wG34BYnd1U', 2016, 'Flyway', 0);
INSERT INTO public.board_game (id, title, title_normalized, description, min_players, max_players, min_age, max_age, estimated_play_time, can_play_only_once, is_extension, is_cooperative, tutorial_url, year_published, created_by, version) VALUES (6, 'Podmořská města', 'podmorska mesta', '', 1, 4, 12, NULL, 40, false, false, false, 'https://www.youtube.com/watch?v=GHvkzOAgsyM', 2018, 'Flyway', 0);
INSERT INTO public.board_game (id, title, title_normalized, description, min_players, max_players, min_age, max_age, estimated_play_time, can_play_only_once, is_extension, is_cooperative, tutorial_url, year_published, created_by, version) VALUES (25, 'EXIT - Potopený poklad', 'exit - potopeny poklad', 'Úroveň Začátečník.', 1, 4, 10, NULL, 120, true, false, true, NULL, 2016, 'Flyway', 0);
INSERT INTO public.board_game (id, title, title_normalized, description, min_players, max_players, min_age, max_age, estimated_play_time, can_play_only_once, is_extension, is_cooperative, tutorial_url, year_published, created_by, version) VALUES (26, 'EXIT - Bouřlivý let', 'exit - bourlivy let', 'Hráči sú súčasťou posádky osobného lietadla smerujúceho na Barbados. Let zastihne neočakávaná búrka a razom sa ocitnete uprostred pekla plného bleskov. Voda preniká do živlami zmietaného stroja a časti technológie zlyhávajú. Podarí sa tímu opraviť lietadlo, dostať komplikovanú situáciu opäť pod kontrolu a bezpečne pristáť? Nezostáva veľa času a búrka neprestáva... Úroveň Začátečník.', 1, 4, 10, NULL, 120, true, false, true, NULL, 2016, 'Flyway', 0);
INSERT INTO public.board_game (id, title, title_normalized, description, min_players, max_players, min_age, max_age, estimated_play_time, can_play_only_once, is_extension, is_cooperative, tutorial_url, year_published, created_by, version) VALUES (9, 'Bang! - Velká Vlaková Loupež', 'bang! - velka vlakova loupez', '', 4, 7, 8, NULL, 60, false, true, NULL, 'https://www.youtube.com/watch?v=pZJUFotCDHs', 2021, 'Flyway', 0);
INSERT INTO public.board_game (id, title, title_normalized, description, min_players, max_players, min_age, max_age, estimated_play_time, can_play_only_once, is_extension, is_cooperative, tutorial_url, year_published, created_by, version) VALUES (7, 'Bang!', 'bang!', '', 4, 7, 8, NULL, 40, false, false, NULL, 'https://www.youtube.com/watch?v=dcanu6cwfxc', 2002, 'Flyway', 0);
INSERT INTO public.board_game (id, title, title_normalized, description, min_players, max_players, min_age, max_age, estimated_play_time, can_play_only_once, is_extension, is_cooperative, tutorial_url, year_published, created_by, version) VALUES (8, 'Bang! Duel', 'bang! duel', '', 2, 2, 8, NULL, 30, false, false, false, 'https://www.youtube.com/watch?v=NalXt1Heckk', 2019, 'Flyway', 0);
INSERT INTO public.board_game (id, title, title_normalized, description, min_players, max_players, min_age, max_age, estimated_play_time, can_play_only_once, is_extension, is_cooperative, tutorial_url, year_published, created_by, version) VALUES (10, 'Človeče nezlob se', 'clovece nezlob se', '', 2, 4, 5, NULL, 30, false, false, false, NULL, 1900, 'Flyway', 0);
INSERT INTO public.board_game (id, title, title_normalized, description, min_players, max_players, min_age, max_age, estimated_play_time, can_play_only_once, is_extension, is_cooperative, tutorial_url, year_published, created_by, version) VALUES (11, 'Komu zvoní tramvaj', 'komu zvoni tramvaj', 'Hráči musia rozhodnúť, na ktorú z dvoch koľají pustiť tramvaj, ktorá zmasakruje všetkých, čo na nej stoja. Jeden hráč je výhybkár a ostatní sa rozdelia na dva tímy, ktoré sa snažia presvedčiť výhybkára, aby ich koľaj zachránil a zabil všetkých na tej druhej. Hra je založená na morálnych dilemách.', 3, 13, 15, NULL, 30, false, false, NULL, 'https://www.youtube.com/watch?v=F8GzkeWWkR0', 2017, 'Flyway', 0);
INSERT INTO public.board_game (id, title, title_normalized, description, min_players, max_players, min_age, max_age, estimated_play_time, can_play_only_once, is_extension, is_cooperative, tutorial_url, year_published, created_by, version) VALUES (12, 'Vlajky', 'vlajky', '', 2, 6, 10, NULL, 20, false, false, false, 'https://www.youtube.com/watch?v=oINxOoUMYfQ', 2015, 'Flyway', 0);
INSERT INTO public.board_game (id, title, title_normalized, description, min_players, max_players, min_age, max_age, estimated_play_time, can_play_only_once, is_extension, is_cooperative, tutorial_url, year_published, created_by, version) VALUES (13, 'Toulavé Věže', 'toulave veze', 'Študenti mágie absolvujú záverečné skúšky s cieľom doraziť do Havranieho hradu. Cestovať sa dá pešo alebo na cimburiu túlavých veží. Pokiaľ naviac dokážete uzamknúť iných čarodejov, Vaše elixíry sa magicky naplnia. Hráč, ktorý naplní všetky svoje elixíry, najlepšie ich využije a všetkých svojich čarodejov dopraví do Havranieho hradu zvíťazí.', 2, 6, 7, NULL, 30, false, false, false, 'https://www.youtube.com/watch?v=4sy4BIMQkok', 2018, 'Flyway', 0);
INSERT INTO public.board_game (id, title, title_normalized, description, min_players, max_players, min_age, max_age, estimated_play_time, can_play_only_once, is_extension, is_cooperative, tutorial_url, year_published, created_by, version) VALUES (14, 'Arnak', 'arnak', 'Uprostred bujnej džungle, v troskách dávno zaniknutej civilizácie, budete objavovať starobylé artefakty, ktoré však strážia desiví ochrancovia.', 1, 4, 12, NULL, 90, false, false, false, 'https://www.youtube.com/watch?v=GiERdSi5ngI', 2020, 'Flyway', 0);
INSERT INTO public.board_game (id, title, title_normalized, description, min_players, max_players, min_age, max_age, estimated_play_time, can_play_only_once, is_extension, is_cooperative, tutorial_url, year_published, created_by, version) VALUES (15, 'Jumanji', 'jumanji', '', 2, 4, 8, NULL, 45, false, false, false, 'https://www.youtube.com/watch?v=qGpNzACCX1E', 1995, 'Flyway', 0);
INSERT INTO public.board_game (id, title, title_normalized, description, min_players, max_players, min_age, max_age, estimated_play_time, can_play_only_once, is_extension, is_cooperative, tutorial_url, year_published, created_by, version) VALUES (17, 'Mars: Teraformace - Předehra', 'mars: teraformace - predehra', '', 1, 5, 12, NULL, 90, false, true, false, NULL, 2020, 'Flyway', 0);
INSERT INTO public.board_game (id, title, title_normalized, description, min_players, max_players, min_age, max_age, estimated_play_time, can_play_only_once, is_extension, is_cooperative, tutorial_url, year_published, created_by, version) VALUES (18, 'Mars: Teraformace - Hellas & Elysium', 'mars: teraformace - hellas & elysium', 'Miesto pôvodného herného plánu môžete vyskúšať dva nové. Znázorňujú iné časti Marsu, sú na nich vyznačené iné bonusy za umiestnenie doštičiek, iné oblasti pre doštičky oceánov a nové čestné tituly a súťaže.', 1, 5, 12, NULL, 90, false, true, false, 'https://www.youtube.com/watch?v=ujq_2n1RKfY', 2017, 'Flyway', 0);
INSERT INTO public.board_game (id, title, title_normalized, description, min_players, max_players, min_age, max_age, estimated_play_time, can_play_only_once, is_extension, is_cooperative, tutorial_url, year_published, created_by, version) VALUES (19, 'Memoir 44', 'memoir 44', 'Memoir 44 je skvelá ľahká simulácia bitiek 2.svetovej vojny pre dvoch hráčov. Podľa scenáru si najprv vytvoria celkom podrobný plán bitky na univerzálnej hexovej podložke s množstvom žetónov typu pevnosti, ostnatý drôt, vrecia s pieskom, rieka, bunker, zelezničná trať, atď. a umiestnia na scenárom predpísané polia aj jednotky. Jednotky sú pechota, delostrelectvo a tanky, pričom každý druh má elitnú vylepšenú verziu.', 2, 2, 8, NULL, 40, false, false, false, 'https://www.youtube.com/watch?v=8Cil0XBhYPY', 2004, 'Flyway', 0);
INSERT INTO public.board_game (id, title, title_normalized, description, min_players, max_players, min_age, max_age, estimated_play_time, can_play_only_once, is_extension, is_cooperative, tutorial_url, year_published, created_by, version) VALUES (20, 'Memoir 44 - Pacific Theater', 'memoir 44 - pacific theater', 'Kompletne nová japonská cisárska armáda, nové dieliky terénov. Jednotlivé scénáre vás potom prevedú slávnými stretmi ako je Iwojima či Okinawa.', 2, 2, 10, NULL, 30, false, true, false, 'https://www.youtube.com/watch?v=26x8kYWIIKw', 2009, 'Flyway', 0);
INSERT INTO public.board_game (id, title, title_normalized, description, min_players, max_players, min_age, max_age, estimated_play_time, can_play_only_once, is_extension, is_cooperative, tutorial_url, year_published, created_by, version) VALUES (21, 'EXIT - Mrtvý muž v Orient Expressu', 'exit - mrtvy muz v orient expressu', 'Je to deduktívna hra, v ktorej musíte vyriešiť rôzne rébusy a hádanky, aby ste odhalili vraha. Úroveň Specialista.', 1, 4, 12, NULL, 120, true, false, true, NULL, 2016, 'Flyway', 0);
INSERT INTO public.board_game (id, title, title_normalized, description, min_players, max_players, min_age, max_age, estimated_play_time, can_play_only_once, is_extension, is_cooperative, tutorial_url, year_published, created_by, version) VALUES (22, 'EXIT - Návrat do opuštěné chaty', 'exit - navrat do opustene chaty', 'sa stretáte s detektívom, ktorý ich požiada, aby išli s ním do chaty v lese. Vy viete, že to je tá opustená chata, z ktorej ste sa snažili uniknúť pred „hostiteľom“ Dr. Arthur Funbeq. Ten teraz utiekol z väzenie a vy sa vraciate na miesto činu,  aby ste pomohli vypátrať vášho väzniteľa. Úroveň Pokročilý.', 1, 4, 12, NULL, 120, true, false, true, NULL, 2017, 'Flyway', 0);
INSERT INTO public.board_game (id, title, title_normalized, description, min_players, max_players, min_age, max_age, estimated_play_time, can_play_only_once, is_extension, is_cooperative, tutorial_url, year_published, created_by, version) VALUES (23, 'EXIT - Loupež na Mississippi', 'exit - loupez na mississippi', 'Úroveň Pokročilý.', 1, 4, 12, NULL, 120, true, false, true, NULL, 2018, 'Flyway', 0);
INSERT INTO public.board_game (id, title, title_normalized, description, min_players, max_players, min_age, max_age, estimated_play_time, can_play_only_once, is_extension, is_cooperative, tutorial_url, year_published, created_by, version) VALUES (24, 'EXIT - Tajemné muzeum', 'exit - tajemne muzeum', 'Pri vstupe do impozantného múzea nevidíta nikde nikoho. Dokonca aj pokladňa je zatvorená. Otočíte sa na odchod a v tom sa vám pred nosom zabuchnú obrovské dvere. Ste tu zamknutí. Vydesene sa obzeráte okolo seba. Druhý východ je zablokovaný turniketom s čudným symbolom. Ale počkať, nevideli ste tento symbol už niekde? A vtedy to pochopíte. Musíte vyriešiť všetky hádanky v múzeu, aby ste sa dostali von. Ak sa vám to nepodarí, stanú sa aj z vás výstavné kusy... Úroveň Začátečník.', 1, 4, 10, NULL, 120, true, false, true, NULL, 2019, 'Flyway', 0);
INSERT INTO public.board_game (id, title, title_normalized, description, min_players, max_players, min_age, max_age, estimated_play_time, can_play_only_once, is_extension, is_cooperative, tutorial_url, year_published, created_by, version) VALUES (27, 'Muzeum Podezřelých', 'muzeum podezrelych', 'Úlohou bude odhaliť, kto z 16 podozrivých ukradol z múzea vzácny artefakt!', 2, 4, 8, NULL, 20, false, false, false, 'https://www.youtube.com/watch?v=cZpfXlhx-G0', 2021, 'Flyway', 0);
INSERT INTO public.board_game (id, title, title_normalized, description, min_players, max_players, min_age, max_age, estimated_play_time, can_play_only_once, is_extension, is_cooperative, tutorial_url, year_published, created_by, version) VALUES (28, 'Catan - Rychlá karetní hra', 'catan - rychla karetni hra', '', 2, 4, 8, NULL, 30, false, false, false, 'https://www.youtube.com/watch?v=xKel86yr3wc', 2008, 'Flyway', 0);
INSERT INTO public.board_game (id, title, title_normalized, description, min_players, max_players, min_age, max_age, estimated_play_time, can_play_only_once, is_extension, is_cooperative, tutorial_url, year_published, created_by, version) VALUES (29, 'Únikovka - Záhada Eldoráda', 'unikovka - zahada eldorada', 'Po rokoch pátrania po mýtickom Eldoráde sa lietadlom vraciate domov na prázdno. Z ničoho nič prerazí trup lietadla obria krokodília hlava a vy sa zachránite jedine skokom z lietadla. Ste sami, unavení, hladní, stratení v pralese len s pár vecami, ktoré ste si narýchlo zobrali. Buď tu nájdete svoju smrť, alebo bájne Eldorádo.', 1, 6, 12, NULL, 60, true, false, true, NULL, 2017, 'Flyway', 0);
INSERT INTO public.board_game (id, title, title_normalized, description, min_players, max_players, min_age, max_age, estimated_play_time, can_play_only_once, is_extension, is_cooperative, tutorial_url, year_published, created_by, version) VALUES (30, 'Únikovka - Prekliatie sfingy', 'unikovka - prekliatie sfingy', '', 1, 6, 12, NULL, 60, true, false, true, NULL, 2018, 'Flyway', 0);
INSERT INTO public.board_game (id, title, title_normalized, description, min_players, max_players, min_age, max_age, estimated_play_time, can_play_only_once, is_extension, is_cooperative, tutorial_url, year_published, created_by, version) VALUES (33, 'Adventure Games - Sopečný Ostrov', 'adventure games - sopecny ostrov', 'Štvorica študentov Alby, Katy, Jerome a Sato putuje sopečnou krajinou, ostrov však brázdia aj neznámi pašeráci. Ako dopadne ich konfrontácia? Aké tajomstvá ostrov ukrýva? Odhalenie a pokračovanie príbehu je len vo vašich rukách.', 1, 4, 12, NULL, 90, false, false, true, NULL, 2018, 'Flyway', 0);
INSERT INTO public.board_game (id, title, title_normalized, description, min_players, max_players, min_age, max_age, estimated_play_time, can_play_only_once, is_extension, is_cooperative, tutorial_url, year_published, created_by, version) VALUES (43, 'Drako - Zlobři a Rytíři', 'drako - zlobri a rytiri', 'Úlohou hráča hrajúceho za trojicu rytierov je zabiť dvojicu trollov, alebo prežiť noc. Cieľom jeho protivníka je, zabiť rytierov a ukončiť hru skôr, než nastane úsvit. Dĺžka hry je obmedzená balíkom kariet. Končí v okamžiku, keď sa hráčovi hrajúcemu za trollov minie posledná karta.', 2, 2, 8, NULL, 30, false, false, false, 'https://www.youtube.com/watch?v=fOCNUxSVasw', 2016, 'Flyway', 0);
INSERT INTO public.board_game (id, title, title_normalized, description, min_players, max_players, min_age, max_age, estimated_play_time, can_play_only_once, is_extension, is_cooperative, tutorial_url, year_published, created_by, version) VALUES (31, 'Adventure Games - Monochrome a.s.', 'adventure games - monochrome a.s.', '', 1, 4, 16, NULL, 90, false, false, true, NULL, 2019, 'Flyway', 0);
INSERT INTO public.board_game (id, title, title_normalized, description, min_players, max_players, min_age, max_age, estimated_play_time, can_play_only_once, is_extension, is_cooperative, tutorial_url, year_published, created_by, version) VALUES (32, 'Adventure Games - Žalář', 'adventure games - zalar', 'Prebudili ste sa vo vlhkom žalári. Na prvý pohľad sa zdá byť nemožné nájsť cestu von na slobodu. Nikto z vás si totiž nepamätá, čo sa vlastne stalo a ako ste sa tam ocitli... Musíte preskúmať miestnosti, kombinovať predmety, hľadať stopy a hovoriť s ľuďmi a možno sa vám podarí uniknúť tak, aby vás nechytili.', 1, 4, 12, NULL, 90, false, false, true, NULL, 2019, 'Flyway', 0);
INSERT INTO public.board_game (id, title, title_normalized, description, min_players, max_players, min_age, max_age, estimated_play_time, can_play_only_once, is_extension, is_cooperative, tutorial_url, year_published, created_by, version) VALUES (35, 'Mistr Slova', 'mistr slova', '', 2, NULL, 8, NULL, 20, false, false, false, NULL, 2017, 'Flyway', 0);
INSERT INTO public.board_game (id, title, title_normalized, description, min_players, max_players, min_age, max_age, estimated_play_time, can_play_only_once, is_extension, is_cooperative, tutorial_url, year_published, created_by, version) VALUES (36, 'Karak: Goblin', 'karak: goblin', 'Využite karty, ktoré máte v štartovacom balíčku hrdinov na nákup lepšieho vybavenia, schopností či odvarov. Aj vďaka nim budete môcť porážať silnejšie príšery a prekonávať čoraz nebezpečnejšie nástrahy. Jednoduchý deckbuildingový princíp vám umožnuje vytvárať silné kombinácie kariet a prebojovať sa k víťazstvu!', 2, 4, 7, NULL, 30, false, false, false, 'https://www.youtube.com/watch?v=OspNcLYpp8k', 2021, 'Flyway', 0);
INSERT INTO public.board_game (id, title, title_normalized, description, min_players, max_players, min_age, max_age, estimated_play_time, can_play_only_once, is_extension, is_cooperative, tutorial_url, year_published, created_by, version) VALUES (37, 'Karak', 'karak', 'Každý z hráčov sa zhostí jedného z hrdinov a vyrazí s ním do labyrintu pod hradom Karak bojovať s príšerami a získavať zbrane a poklady. Hrdina disponuje vždy dvojicou unikátnych schopností a len ten, kto ich dokáže efektívne využiť, môže pomýšľať na víťazstvo. Vďaka víťazstvám v bojoch získavajú hrdinovia rôzne vybavenie, čím posilujú svojho hrdinu. Hra končí v okamžiku, kedy niektorí z hrdinov porazí draka. Víťazom sa potom stáva ten, kto v priebehu hry nazbieral najviac pokladov.', 2, 5, 7, NULL, 45, false, false, false, 'https://www.youtube.com/watch?v=s9j_uKjuLu8', 2017, 'Flyway', 0);
INSERT INTO public.board_game (id, title, title_normalized, description, min_players, max_players, min_age, max_age, estimated_play_time, can_play_only_once, is_extension, is_cooperative, tutorial_url, year_published, created_by, version) VALUES (38, 'Karak 2', 'karak 2', 'Každý z hráčov sa zhostí jedného z hrdinov a vyráža na dobrodružstvo, v ktorom spoznáme nové zákutia fantazijného sveta! Okrem súbojov s monštrami budete budovať vlastné mestečko a získavať pomoc, pre boj s armádou temna! Hra ponúka väčšiu komplexnosť, ako pôvodný Karak.', 2, 5, 10, NULL, 45, false, false, false, 'https://www.youtube.com/watch?v=fCfew5ncKdc', 2021, 'Flyway', 0);
INSERT INTO public.board_game (id, title, title_normalized, description, min_players, max_players, min_age, max_age, estimated_play_time, can_play_only_once, is_extension, is_cooperative, tutorial_url, year_published, created_by, version) VALUES (39, 'Prešibané P', 'presibane p', 'Budete sa snažiť ostatných naviesť na uhádnutie tajného slova. Pri opisovaní a naznačovaní hráčom, môžete používať iba slová, ktoré začínajú na písmeno P. Pripravený papierik prezradí predmet pátrania. Pochopiteľnými pomôckami počínajúcimi písmenom „P popíšte predmet pátrania. Počúvajúci pátrajú po popisovanom predmete. Podľa popisu počúvajúci presne pomenuje predmet pátrania. Priateľovi preto prislúcha pirôžok! Pozbieraním piatich pirôžkov porazíte protivníkov!', 3, 6, 10, NULL, 30, false, false, false, NULL, 2010, 'Flyway', 0);
INSERT INTO public.board_game (id, title, title_normalized, description, min_players, max_players, min_age, max_age, estimated_play_time, can_play_only_once, is_extension, is_cooperative, tutorial_url, year_published, created_by, version) VALUES (40, 'Kotlo Mordo', 'kotlo mordo', 'Ponúka oveľa vyšší level zábavy ako čokoľvek iné. Pri hre Kotlo Mordo plníš úlohy, ktoré máš predpísané na kartičkách. Ak ťa úloha nezaujala, môžeš sa namiesto jej plnenia napiť. Hra ponúka naozaj neuveriteľné množstvo zážitkov s kamarátmi. Ideálna zábava na chatovačky.', 4, NULL, 18, NULL, NULL, false, false, false, NULL, 2021, 'Flyway', 0);
INSERT INTO public.board_game (id, title, title_normalized, description, min_players, max_players, min_age, max_age, estimated_play_time, can_play_only_once, is_extension, is_cooperative, tutorial_url, year_published, created_by, version) VALUES (41, 'Munchkin', 'munchkin', 'Obľúbená satirická fantasy hra, ktorá paroduje Dungeon and Dragons a iné RPG hry. Vašou úlohou je pobiť všetko živé na čo narazíte pri preskúmavaní podzemia, získať poklady, podporovať a vzápätí podrážať súperov a predovšetkým rychlejšie ako ostatní zvyšovať úroveň svojej postavy. Víťazí hráč, ktorému sa ako prvému podarí dosiahnuť desiatu úroveň.', 3, 6, 10, NULL, 120, false, false, false, 'https://www.youtube.com/watch?v=RFJwq-xURgY', 2001, 'Flyway', 0);
INSERT INTO public.board_game (id, title, title_normalized, description, min_players, max_players, min_age, max_age, estimated_play_time, can_play_only_once, is_extension, is_cooperative, tutorial_url, year_published, created_by, version) VALUES (42, 'Drako - Drak a Trpaslíci', 'drako - drak a trpaslici', 'Asymetrická hra pre dvoch hráčov, v ktorej majú obaja rôzne možnosti a tiež odlišný cieľ. Úlohou hráča hrajúceho za trpaslíkov je zabiť draka. Cieľom jeho protivníka je, aby drak boj prežil. Hra končí v okamžiku, kedy hráčovi hrajúcemu za trpaslíkov dojdú karty. Pomocou akcií na kartách hráči pohybujú figúrkami, útočia a bránia sa útokom súpera. Túto hru môžete tiež kombinovať s hrou Drako: Zlobři a rytíři.', 2, 2, 8, NULL, 30, false, false, false, 'https://www.youtube.com/watch?v=IJHhnbkh3Jg', 2016, 'Flyway', 0);
INSERT INTO public.board_game (id, title, title_normalized, description, min_players, max_players, min_age, max_age, estimated_play_time, can_play_only_once, is_extension, is_cooperative, tutorial_url, year_published, created_by, version) VALUES (77, 'Monopoly', 'monopoly', 'Investujte, uzatvárajte obchody, vyberajte nájomné a priveďte ostatných k bankrotu. Aby bola nám, Slovákom, o čosi bližšia, na políčkach nájdete ulice a námestia Bratislavy. Takže okrem zábavy spoznáte zaujímavé a známe miesta našeho hlavného mesta.', 2, 6, 8, NULL, 60, false, false, false, 'https://www.youtube.com/watch?v=dvHqVyxdWYU', 1906, 'Flyway', 0);
INSERT INTO public.board_game (id, title, title_normalized, description, min_players, max_players, min_age, max_age, estimated_play_time, can_play_only_once, is_extension, is_cooperative, tutorial_url, year_published, created_by, version) VALUES (78, 'Obludárium', 'obludarium', 'Hráči v úlohe riaditeľa kočovného obludária prichádzajú do zapadnutej dedinky a pokúšajú sa predviesť neopakovateľnú show. Získavate body za ulovené príšery, splnené úlohy a ušetrené toliare. Víťazí hráč, ktorému sa podarí počas štyroch loveckých sezón zhromaždiť najpôsobivejšie a najviac zarábajúce Obludárium.', 2, 5, 10, NULL, 45, false, false, false, 'https://www.youtube.com/watch?v=6ZB78jKnKyU', 2018, 'Flyway', 0);
INSERT INTO public.board_game (id, title, title_normalized, description, min_players, max_players, min_age, max_age, estimated_play_time, can_play_only_once, is_extension, is_cooperative, tutorial_url, year_published, created_by, version) VALUES (79, '7 Divů světa', '7 divu sveta', 'Po dlhé tri veky sa máte starať a zveľaďovať svoje mesto. Ťažiť suroviny, produkovať tovar, podporovať vedu i obchod a často sa vyplatí aj armáda a tiež postupne postaviť jeden z divov sveta. Keď vám práve chýbajú tie správne prostriedky na stavbu, môžete materiál nakúpiť u susedov. Na konci každého veku si s nimi zmeriate sily, takže sa nevyplatí ich príliš finančne podporovať.', 3, 7, 10, NULL, 30, false, false, false, 'https://www.youtube.com/watch?v=PFScwrXmNLc', 2010, 'Flyway', 0);
INSERT INTO public.board_game (id, title, title_normalized, description, min_players, max_players, min_age, max_age, estimated_play_time, can_play_only_once, is_extension, is_cooperative, tutorial_url, year_published, created_by, version) VALUES (80, 'Alchymisté', 'alchymiste', 'Hráči miešajú rôzne ingrediencie, vyrábajú z nich elixíry, predávajú hrdinom, testujú ich na sebe, alebo študentoch a z výsledkov miešania sa snažia vydedukovať akú esenciu obsahuje tá ktorá ingrediencia. Svoje zistenia potom môžu zverejniť v podobe teórií, ktoré však protihráči môžu potvrdiť, alebo ich môžu vyvrátiť. Za správne teórie získavajú hráči body reputácie, za nesprávne ich strácajú. Body sa dajú získať aj z mocných artefaktov a z grantov, ktoré získavajú za zverejňovanie teórií.', 2, 4, 12, NULL, 120, false, false, false, 'https://www.youtube.com/watch?v=3AWcf40-1gc', 2016, 'Flyway', 0);
INSERT INTO public.board_game (id, title, title_normalized, description, min_players, max_players, min_age, max_age, estimated_play_time, can_play_only_once, is_extension, is_cooperative, tutorial_url, year_published, created_by, version) VALUES (81, 'Desiatka', 'desiatka', 'Kto odpovie správne, získa jeden zo žetónov odpovedí ako víťazný bod. V ďalšom ťahu má hráč možnosť opäť hľadať správnu odpoveď, ale tentokrát riskuje, že príde o body, ktoré v predchádzajúcej odpovedi získal. Istota alebo risk? V hre je 200 okruhov, 2000 otázok a rovnaký počet možných odpovedí. Všetko je to v šikovnom balení zvanom smartbox s počítadlom bodov a žetónmi odpovedí. Hra zabaví celú rodinu a je vhodná na cesty.', 2, 8, 10, NULL, 20, false, false, false, 'https://www.youtube.com/watch?v=QFTbfudEiiA', 2015, 'Flyway', 0);
INSERT INTO public.board_game (id, title, title_normalized, description, min_players, max_players, min_age, max_age, estimated_play_time, can_play_only_once, is_extension, is_cooperative, tutorial_url, year_published, created_by, version) VALUES (82, 'Hvězdokupy', 'hvezdokupy', 'Pozri, vychádza hviezda! Za ňou druhá, tretia a už vidíme skoro celý Veľký voz! Lenže hviezd je zrazu celá kopa a my sme sa v nej úplne stratili. Kto sa najrýchlejšie zorientuje a nájde svoje súhvezdie ako prvý? Hráči sa snažia behom hry umiestňovať na oblohu (hrací plán) hviezdy a utvoriť tak svoje súhvezdie. Ako to ale dopadne, keď sa o to snažia všeci hráči?', 2, 6, 8, NULL, 20, false, false, false, 'https://www.youtube.com/watch?v=GuIreyg-Tcc', 2018, 'Flyway', 0);
INSERT INTO public.board_game (id, title, title_normalized, description, min_players, max_players, min_age, max_age, estimated_play_time, can_play_only_once, is_extension, is_cooperative, tutorial_url, year_published, created_by, version) VALUES (83, 'Vládci Podzemí', 'vladci podzemi', 'Vžite se do kože vládcu podzemia, zvolajte svojich služobníkov, vybudujte sieť chodieb a miestností, nastražte v nich pasce, najímajte netvorov a pokúste sa zabrániť hrdinom, aby vaše dielo dobyli a vyrabovali! Uvidíte, že sa od teraz budete na temné zákutia rôznych temných brlohov a ich obyvateľov pozerať cez úplne inú prizmu!', 2, 4, 12, NULL, 90, false, false, false, 'https://www.youtube.com/watch?v=P7qFLu7swaA', 2017, 'Flyway', 0);

INSERT INTO public.author (id, name, name_normalized, created_by, version) VALUES (1, 'Rob Daviau', 'rob daviau', 'Flyway', 0);
INSERT INTO public.author (id, name, name_normalized, created_by, version) VALUES (2, 'Martin Nedergaard Andersen', 'martin nedergaard andersen', 'Flyway', 0);
INSERT INTO public.author (id, name, name_normalized, created_by, version) VALUES (3, 'Bruno Cathala', 'bruno cathala', 'Flyway', 0);
INSERT INTO public.author (id, name, name_normalized, created_by, version) VALUES (4, 'Antoine Bauza', 'antoine bauza', 'Flyway', 0);
INSERT INTO public.author (id, name, name_normalized, created_by, version) VALUES (5, 'Vladimír Suchý', 'vladimir suchy', 'Flyway', 0);
INSERT INTO public.author (id, name, name_normalized, created_by, version) VALUES (6, 'Emiliano Sciarra', 'emiliano sciarra', 'Flyway', 0);
INSERT INTO public.author (id, name, name_normalized, created_by, version) VALUES (7, 'Josef Friedrich Schmidt', 'josef friedrich schmidt', 'Flyway', 0);
INSERT INTO public.author (id, name, name_normalized, created_by, version) VALUES (8, 'Scott Houser', 'scott houser', 'Flyway', 0);
INSERT INTO public.author (id, name, name_normalized, created_by, version) VALUES (9, 'Honza Mašek', 'honza masek', 'Flyway', 0);
INSERT INTO public.author (id, name, name_normalized, created_by, version) VALUES (10, 'Michael Kiesling', 'michael kiesling', 'Flyway', 0);
INSERT INTO public.author (id, name, name_normalized, created_by, version) VALUES (11, 'Wolfgang Kramer', 'wolfgang kramer', 'Flyway', 0);
INSERT INTO public.author (id, name, name_normalized, created_by, version) VALUES (12, 'Michal Elwen Štach', 'michal elwen stach', 'Flyway', 0);
INSERT INTO public.author (id, name, name_normalized, created_by, version) VALUES (13, 'Michaela Mín Štachová', 'michaela min stachova', 'Flyway', 0);
INSERT INTO public.author (id, name, name_normalized, created_by, version) VALUES (14, 'Milton Bradley', 'milton bradley', 'Flyway', 0);
INSERT INTO public.author (id, name, name_normalized, created_by, version) VALUES (15, 'Jacob Fryxelius', 'jacob fryxelius', 'Flyway', 0);
INSERT INTO public.author (id, name, name_normalized, created_by, version) VALUES (16, 'Richard Borg', 'richard borg', 'Flyway', 0);
INSERT INTO public.author (id, name, name_normalized, created_by, version) VALUES (17, 'Markus Brand', 'markus brand', 'Flyway', 0);
INSERT INTO public.author (id, name, name_normalized, created_by, version) VALUES (18, 'Inka Brand', 'inka brand', 'Flyway', 0);
INSERT INTO public.author (id, name, name_normalized, created_by, version) VALUES (19, 'Phil Walker-Harding', 'phil walker-harding', 'Flyway', 0);
INSERT INTO public.author (id, name, name_normalized, created_by, version) VALUES (20, 'Klaus Teuber', 'klaus teuber', 'Flyway', 0);
INSERT INTO public.author (id, name, name_normalized, created_by, version) VALUES (21, 'Martino Chiacchiera', 'martino chiacchiera', 'Flyway', 0);
INSERT INTO public.author (id, name, name_normalized, created_by, version) VALUES (22, 'Silvano Sorrentino', 'silvano sorrentino', 'Flyway', 0);
INSERT INTO public.author (id, name, name_normalized, created_by, version) VALUES (23, 'Neznámy', 'neznamy', 'Flyway', 0);
INSERT INTO public.author (id, name, name_normalized, created_by, version) VALUES (24, 'Matthew Dunstan', 'matthew dunstan', 'Flyway', 0);
INSERT INTO public.author (id, name, name_normalized, created_by, version) VALUES (25, 'Denis Blanchot', 'denis blanchot', 'Flyway', 0);
INSERT INTO public.author (id, name, name_normalized, created_by, version) VALUES (26, 'Krzysztof Matusik', 'krzysztof matusik', 'Flyway', 0);
INSERT INTO public.author (id, name, name_normalized, created_by, version) VALUES (27, 'David Rozsíval', 'david rozsival', 'Flyway', 0);
INSERT INTO public.author (id, name, name_normalized, created_by, version) VALUES (28, 'Roman Hladík', 'roman hladik', 'Flyway', 0);
INSERT INTO public.author (id, name, name_normalized, created_by, version) VALUES (29, 'Petr Mikša', 'petr miksa', 'Flyway', 0);
INSERT INTO public.author (id, name, name_normalized, created_by, version) VALUES (30, 'Peter Hidasy', 'peter hidasy', 'Flyway', 0);
INSERT INTO public.author (id, name, name_normalized, created_by, version) VALUES (31, 'Steve Jackson', 'steve jackson', 'Flyway', 0);
INSERT INTO public.author (id, name, name_normalized, created_by, version) VALUES (32, 'Adam Kaluza', 'adam kaluza', 'Flyway', 0);
INSERT INTO public.author (id, name, name_normalized, created_by, version) VALUES (35, 'Richard Garfield', 'richard garfield', 'Flyway', 0);
INSERT INTO public.author (id, name, name_normalized, created_by, version) VALUES (36, 'Matúš Kotry', 'matus kotry', 'Flyway', 0);
INSERT INTO public.author (id, name, name_normalized, created_by, version) VALUES (37, 'Christoph Reiser', 'christoph reiser', 'Flyway', 0);
INSERT INTO public.author (id, name, name_normalized, created_by, version) VALUES (38, 'Arno Steinwender', 'arno steinwender', 'Flyway', 0);
INSERT INTO public.author (id, name, name_normalized, created_by, version) VALUES (39, 'Pavel Tatíček', 'pavel taticek', 'Flyway', 0);
INSERT INTO public.author (id, name, name_normalized, created_by, version) VALUES (40, 'Vlaada Chvátil', 'vlaada chvatil', 'Flyway', 0);

INSERT INTO public.board_game_author (board_game_id, author_id) VALUES (1, 1);
INSERT INTO public.board_game_author (board_game_id, author_id) VALUES (2, 2);
INSERT INTO public.board_game_author (board_game_id, author_id) VALUES (3, 3);
INSERT INTO public.board_game_author (board_game_id, author_id) VALUES (3, 4);
INSERT INTO public.board_game_author (board_game_id, author_id) VALUES (4, 3);
INSERT INTO public.board_game_author (board_game_id, author_id) VALUES (4, 4);
INSERT INTO public.board_game_author (board_game_id, author_id) VALUES (5, 3);
INSERT INTO public.board_game_author (board_game_id, author_id) VALUES (5, 4);
INSERT INTO public.board_game_author (board_game_id, author_id) VALUES (6, 5);
INSERT INTO public.board_game_author (board_game_id, author_id) VALUES (7, 6);
INSERT INTO public.board_game_author (board_game_id, author_id) VALUES (8, 6);
INSERT INTO public.board_game_author (board_game_id, author_id) VALUES (9, 6);
INSERT INTO public.board_game_author (board_game_id, author_id) VALUES (10, 7);
INSERT INTO public.board_game_author (board_game_id, author_id) VALUES (11, 8);
INSERT INTO public.board_game_author (board_game_id, author_id) VALUES (12, 9);
INSERT INTO public.board_game_author (board_game_id, author_id) VALUES (13, 10);
INSERT INTO public.board_game_author (board_game_id, author_id) VALUES (13, 11);
INSERT INTO public.board_game_author (board_game_id, author_id) VALUES (14, 12);
INSERT INTO public.board_game_author (board_game_id, author_id) VALUES (14, 13);
INSERT INTO public.board_game_author (board_game_id, author_id) VALUES (15, 14);
INSERT INTO public.board_game_author (board_game_id, author_id) VALUES (16, 15);
INSERT INTO public.board_game_author (board_game_id, author_id) VALUES (17, 15);
INSERT INTO public.board_game_author (board_game_id, author_id) VALUES (18, 15);
INSERT INTO public.board_game_author (board_game_id, author_id) VALUES (19, 16);
INSERT INTO public.board_game_author (board_game_id, author_id) VALUES (20, 16);
INSERT INTO public.board_game_author (board_game_id, author_id) VALUES (21, 17);
INSERT INTO public.board_game_author (board_game_id, author_id) VALUES (21, 18);
INSERT INTO public.board_game_author (board_game_id, author_id) VALUES (22, 17);
INSERT INTO public.board_game_author (board_game_id, author_id) VALUES (22, 18);
INSERT INTO public.board_game_author (board_game_id, author_id) VALUES (23, 18);
INSERT INTO public.board_game_author (board_game_id, author_id) VALUES (23, 17);
INSERT INTO public.board_game_author (board_game_id, author_id) VALUES (24, 18);
INSERT INTO public.board_game_author (board_game_id, author_id) VALUES (24, 17);
INSERT INTO public.board_game_author (board_game_id, author_id) VALUES (25, 17);
INSERT INTO public.board_game_author (board_game_id, author_id) VALUES (25, 18);
INSERT INTO public.board_game_author (board_game_id, author_id) VALUES (26, 18);
INSERT INTO public.board_game_author (board_game_id, author_id) VALUES (26, 17);
INSERT INTO public.board_game_author (board_game_id, author_id) VALUES (27, 19);
INSERT INTO public.board_game_author (board_game_id, author_id) VALUES (28, 20);
INSERT INTO public.board_game_author (board_game_id, author_id) VALUES (29, 21);
INSERT INTO public.board_game_author (board_game_id, author_id) VALUES (29, 22);
INSERT INTO public.board_game_author (board_game_id, author_id) VALUES (30, 23);
INSERT INTO public.board_game_author (board_game_id, author_id) VALUES (31, 24);
INSERT INTO public.board_game_author (board_game_id, author_id) VALUES (31, 19);
INSERT INTO public.board_game_author (board_game_id, author_id) VALUES (32, 24);
INSERT INTO public.board_game_author (board_game_id, author_id) VALUES (32, 19);
INSERT INTO public.board_game_author (board_game_id, author_id) VALUES (33, 19);
INSERT INTO public.board_game_author (board_game_id, author_id) VALUES (33, 24);
INSERT INTO public.board_game_author (board_game_id, author_id) VALUES (34, 25);
INSERT INTO public.board_game_author (board_game_id, author_id) VALUES (35, 26);
INSERT INTO public.board_game_author (board_game_id, author_id) VALUES (36, 27);
INSERT INTO public.board_game_author (board_game_id, author_id) VALUES (37, 28);
INSERT INTO public.board_game_author (board_game_id, author_id) VALUES (37, 29);
INSERT INTO public.board_game_author (board_game_id, author_id) VALUES (38, 28);
INSERT INTO public.board_game_author (board_game_id, author_id) VALUES (38, 29);
INSERT INTO public.board_game_author (board_game_id, author_id) VALUES (39, 23);
INSERT INTO public.board_game_author (board_game_id, author_id) VALUES (40, 30);
INSERT INTO public.board_game_author (board_game_id, author_id) VALUES (41, 31);
INSERT INTO public.board_game_author (board_game_id, author_id) VALUES (42, 32);
INSERT INTO public.board_game_author (board_game_id, author_id) VALUES (43, 32);
INSERT INTO public.board_game_author (board_game_id, author_id) VALUES (77, 2);
INSERT INTO public.board_game_author (board_game_id, author_id) VALUES (78, 35);
INSERT INTO public.board_game_author (board_game_id, author_id) VALUES (79, 4);
INSERT INTO public.board_game_author (board_game_id, author_id) VALUES (80, 36);
INSERT INTO public.board_game_author (board_game_id, author_id) VALUES (81, 37);
INSERT INTO public.board_game_author (board_game_id, author_id) VALUES (81, 38);
INSERT INTO public.board_game_author (board_game_id, author_id) VALUES (82, 39);
INSERT INTO public.board_game_author (board_game_id, author_id) VALUES (83, 40);
INSERT INTO public.board_game_author (board_game_id, author_id) VALUES (84, 23);

-- update sequencers
SELECT setval('board_game_id_seq', (SELECT MAX(id) FROM board_game));
SELECT setval('author_id_seq', (SELECT MAX(id) FROM author));